{
   "type": "FeatureCollection",
   "features" :
      [
         {
            "type" : "Feature",
            "properties":
            {
               "id" : "Switzerland",
               "color" : [1,0,0,1],
               "highlightcolor" : [1,0,0,1],
               "linewidth" : 1000,
               "minelv" : -2000,
               "maxelv" : 5000
            },
            "geometry":
            {
               "type" : "MultiLineString",
               "coordinates" :
               [
                  [
                     [7.201538,47.197178],
                     [8.948364,47.260592],
                     [7.739868,46.954012],
                     [8.360596,47.890564],
                     [7.201538,47.197178]
                  ],
                  [
                     [7.212524, 46.631333],
                     [8.052979, 46.827127],
                     [8.179321, 46.657731],
                     [8.635254, 46.879719],
                     [8.646240, 47.018465],
                     [8.530884, 47.067129],
                     [8.316650, 47.048417]
                  ]
               ]
            }
         }
      ]
}