{
   "type": "FeatureCollection",
   "features" :
      [
         {
            "type" : "Feature",
            "properties":
            {
               "id" : "Switzerland",
               "color" : [1,0,0,1],
               "highlightcolor" : [1,0,0,1],
               "linewidth" : 10000,
               "minelv" : -2000,
               "maxelv" : 5000
            },
            "geometry":
            {
               "type" : "Polygon",
               "coordinates" :
                  [
                     [
                        [ 7.575761, 47.555306],
                        [ 7.504349, 47.457901],
                        [ 7.605286, 47.149007],
                        [ 8.025513, 46.909374],
                        [ 8.618774, 46.931885],
                        [ 8.536377, 47.264693],
                        [ 8.580322, 47.368966],
                        [ 8.360596, 47.580602],
                        [ 8.080444, 47.430317],
                        [ 7.846985, 47.296369]
                     ]
                  ]
            }
         }
      ]
}